{
  "club/minnced/discord/rpc/DiscordEventHandlers$OnGameUpdate": {
    "name": "club/minnced/discord/rpc/DiscordEventHandlers$OnGameUpdate",
    "interfaces": [
      "com/sun/jna/Callback"
    ]
  },
  "club/minnced/discord/rpc/DiscordEventHandlers$OnJoinRequest": {
    "name": "club/minnced/discord/rpc/DiscordEventHandlers$OnJoinRequest",
    "interfaces": [
      "com/sun/jna/Callback"
    ]
  },
  "club/minnced/discord/rpc/DiscordEventHandlers$OnReady": {
    "name": "club/minnced/discord/rpc/DiscordEventHandlers$OnReady",
    "interfaces": [
      "com/sun/jna/Callback"
    ]
  },
  "club/minnced/discord/rpc/DiscordEventHandlers$OnStatus": {
    "name": "club/minnced/discord/rpc/DiscordEventHandlers$OnStatus",
    "interfaces": [
      "com/sun/jna/Callback"
    ]
  },
  "club/minnced/discord/rpc/DiscordRPC": {
    "name": "club/minnced/discord/rpc/DiscordRPC",
    "interfaces": [
      "com/sun/jna/Library"
    ]
  },
  "me/alpha432/oyvey/OyVey": {
    "name": "me/alpha432/oyvey/OyVey",
    "annotations": [
      {
        "type": "CLASS",
        "name": "Lnet/minecraftforge/fml/common/Mod;",
        "target": "me/alpha432/oyvey/OyVey",
        "values": {
          "modid": {
            "value": "oyvey"
          },
          "name": {
            "value": "OyVey"
          },
          "version": {
            "value": "0.0.3"
          }
        }
      },
      {
        "type": "FIELD",
        "name": "Lnet/minecraftforge/fml/common/Mod$Instance;",
        "target": "INSTANCE"
      },
      {
        "type": "METHOD",
        "name": "Lnet/minecraftforge/fml/common/Mod$EventHandler;",
        "target": "preInit(Lnet/minecraftforge/fml/common/event/FMLPreInitializationEvent;)V"
      },
      {
        "type": "METHOD",
        "name": "Lnet/minecraftforge/fml/common/Mod$EventHandler;",
        "target": "init(Lnet/minecraftforge/fml/common/event/FMLInitializationEvent;)V"
      }
    ]
  },
  "me/alpha432/oyvey/event/events/BlockEvent": {
    "name": "me/alpha432/oyvey/event/events/BlockEvent",
    "annotations": [
      {
        "type": "CLASS",
        "name": "Lnet/minecraftforge/fml/common/eventhandler/Cancelable;",
        "target": "me/alpha432/oyvey/event/events/BlockEvent"
      }
    ]
  },
  "me/alpha432/oyvey/event/events/ChatEvent": {
    "name": "me/alpha432/oyvey/event/events/ChatEvent",
    "annotations": [
      {
        "type": "CLASS",
        "name": "Lnet/minecraftforge/fml/common/eventhandler/Cancelable;",
        "target": "me/alpha432/oyvey/event/events/ChatEvent"
      }
    ]
  },
  "me/alpha432/oyvey/event/events/ClientEvent": {
    "name": "me/alpha432/oyvey/event/events/ClientEvent",
    "annotations": [
      {
        "type": "CLASS",
        "name": "Lnet/minecraftforge/fml/common/eventhandler/Cancelable;",
        "target": "me/alpha432/oyvey/event/events/ClientEvent"
      }
    ]
  },
  "me/alpha432/oyvey/event/events/MoveEvent": {
    "name": "me/alpha432/oyvey/event/events/MoveEvent",
    "annotations": [
      {
        "type": "CLASS",
        "name": "Lnet/minecraftforge/fml/common/eventhandler/Cancelable;",
        "target": "me/alpha432/oyvey/event/events/MoveEvent"
      }
    ]
  },
  "me/alpha432/oyvey/event/events/PacketEvent$Receive": {
    "name": "me/alpha432/oyvey/event/events/PacketEvent$Receive",
    "annotations": [
      {
        "type": "CLASS",
        "name": "Lnet/minecraftforge/fml/common/eventhandler/Cancelable;",
        "target": "me/alpha432/oyvey/event/events/PacketEvent$Receive"
      }
    ]
  },
  "me/alpha432/oyvey/event/events/PacketEvent$Send": {
    "name": "me/alpha432/oyvey/event/events/PacketEvent$Send",
    "annotations": [
      {
        "type": "CLASS",
        "name": "Lnet/minecraftforge/fml/common/eventhandler/Cancelable;",
        "target": "me/alpha432/oyvey/event/events/PacketEvent$Send"
      }
    ]
  },
  "me/alpha432/oyvey/event/events/ProcessRightClickBlockEvent": {
    "name": "me/alpha432/oyvey/event/events/ProcessRightClickBlockEvent",
    "annotations": [
      {
        "type": "CLASS",
        "name": "Lnet/minecraftforge/fml/common/eventhandler/Cancelable;",
        "target": "me/alpha432/oyvey/event/events/ProcessRightClickBlockEvent"
      }
    ]
  },
  "me/alpha432/oyvey/features/Feature": {
    "name": "me/alpha432/oyvey/features/Feature",
    "interfaces": [
      "me/alpha432/oyvey/util/Util"
    ]
  },
  "me/alpha432/oyvey/features/modules/client/ClickGui": {
    "name": "me/alpha432/oyvey/features/modules/client/ClickGui",
    "annotations": [
      {
        "type": "METHOD",
        "name": "Lnet/minecraftforge/fml/common/eventhandler/SubscribeEvent;",
        "target": "onSettingChange(Lme/alpha432/oyvey/event/events/ClientEvent;)V"
      }
    ]
  },
  "me/alpha432/oyvey/features/modules/client/FontMod": {
    "name": "me/alpha432/oyvey/features/modules/client/FontMod",
    "annotations": [
      {
        "type": "METHOD",
        "name": "Lnet/minecraftforge/fml/common/eventhandler/SubscribeEvent;",
        "target": "onSettingChange(Lme/alpha432/oyvey/event/events/ClientEvent;)V"
      }
    ]
  },
  "me/alpha432/oyvey/features/modules/client/HUD": {
    "name": "me/alpha432/oyvey/features/modules/client/HUD",
    "annotations": [
      {
        "type": "METHOD",
        "name": "Lnet/minecraftforge/fml/common/eventhandler/SubscribeEvent;",
        "target": "onUpdateWalkingPlayer(Lnet/minecraftforge/event/entity/player/AttackEntityEvent;)V"
      },
      {
        "type": "METHOD",
        "name": "Lnet/minecraftforge/fml/common/eventhandler/SubscribeEvent;",
        "target": "onSettingChange(Lme/alpha432/oyvey/event/events/ClientEvent;)V"
      }
    ]
  },
  "me/alpha432/oyvey/features/modules/combat/AutoCrystal": {
    "name": "me/alpha432/oyvey/features/modules/combat/AutoCrystal",
    "annotations": [
      {
        "type": "METHOD",
        "name": "Lnet/minecraftforge/fml/common/eventhandler/SubscribeEvent;",
        "target": "onPacketSend(Lme/alpha432/oyvey/event/events/PacketEvent$Send;)V"
      },
      {
        "type": "METHOD",
        "name": "Lnet/minecraftforge/fml/common/eventhandler/SubscribeEvent;",
        "target": "onPacketReceive(Lme/alpha432/oyvey/event/events/PacketEvent$Receive;)V",
        "values": {
          "priority": {
            "type": "ENUM",
            "value": "Lnet/minecraftforge/fml/common/eventhandler/EventPriority;/HIGHEST"
          },
          "receiveCanceled": {
            "type": "BOOL",
            "value": "true"
          }
        }
      }
    ]
  },
  "me/alpha432/oyvey/features/modules/combat/Criticals": {
    "name": "me/alpha432/oyvey/features/modules/combat/Criticals",
    "annotations": [
      {
        "type": "METHOD",
        "name": "Lnet/minecraftforge/fml/common/eventhandler/SubscribeEvent;",
        "target": "onPacketSend(Lme/alpha432/oyvey/event/events/PacketEvent$Send;)V"
      }
    ]
  },
  "me/alpha432/oyvey/features/modules/combat/Killaura": {
    "name": "me/alpha432/oyvey/features/modules/combat/Killaura",
    "annotations": [
      {
        "type": "METHOD",
        "name": "Lnet/minecraftforge/fml/common/eventhandler/SubscribeEvent;",
        "target": "onUpdateWalkingPlayerEvent(Lme/alpha432/oyvey/event/events/UpdateWalkingPlayerEvent;)V"
      }
    ]
  },
  "me/alpha432/oyvey/features/modules/combat/Offhand": {
    "name": "me/alpha432/oyvey/features/modules/combat/Offhand",
    "annotations": [
      {
        "type": "METHOD",
        "name": "Lnet/minecraftforge/fml/common/eventhandler/SubscribeEvent;",
        "target": "onUpdateWalkingPlayer(Lme/alpha432/oyvey/event/events/ProcessRightClickBlockEvent;)V"
      },
      {
        "type": "METHOD",
        "name": "Lnet/minecraftforge/fml/common/eventhandler/SubscribeEvent;",
        "target": "onPacketSend(Lme/alpha432/oyvey/event/events/PacketEvent$Send;)V"
      }
    ]
  },
  "me/alpha432/oyvey/features/modules/combat/Selftrap": {
    "name": "me/alpha432/oyvey/features/modules/combat/Selftrap",
    "annotations": [
      {
        "type": "METHOD",
        "name": "Lnet/minecraftforge/fml/common/eventhandler/SubscribeEvent;",
        "target": "onUpdateWalkingPlayer(Lme/alpha432/oyvey/event/events/UpdateWalkingPlayerEvent;)V"
      }
    ]
  },
  "me/alpha432/oyvey/features/modules/misc/AutoGG": {
    "name": "me/alpha432/oyvey/features/modules/misc/AutoGG",
    "annotations": [
      {
        "type": "METHOD",
        "name": "Lnet/minecraftforge/fml/common/eventhandler/SubscribeEvent;",
        "target": "onLeavingDeathEvent(Lnet/minecraftforge/event/entity/living/LivingDeathEvent;)V"
      }
    ]
  },
  "me/alpha432/oyvey/features/modules/misc/BuildHeight": {
    "name": "me/alpha432/oyvey/features/modules/misc/BuildHeight",
    "annotations": [
      {
        "type": "METHOD",
        "name": "Lnet/minecraftforge/fml/common/eventhandler/SubscribeEvent;",
        "target": "onPacketSend(Lme/alpha432/oyvey/event/events/PacketEvent$Send;)V"
      }
    ]
  },
  "me/alpha432/oyvey/features/modules/misc/ChatModifier": {
    "name": "me/alpha432/oyvey/features/modules/misc/ChatModifier",
    "annotations": [
      {
        "type": "METHOD",
        "name": "Lnet/minecraftforge/fml/common/eventhandler/SubscribeEvent;",
        "target": "onPacketSend(Lme/alpha432/oyvey/event/events/PacketEvent$Send;)V"
      }
    ]
  },
  "me/alpha432/oyvey/features/modules/misc/NoHandShake": {
    "name": "me/alpha432/oyvey/features/modules/misc/NoHandShake",
    "annotations": [
      {
        "type": "METHOD",
        "name": "Lnet/minecraftforge/fml/common/eventhandler/SubscribeEvent;",
        "target": "onPacketSend(Lme/alpha432/oyvey/event/events/PacketEvent$Send;)V"
      }
    ]
  },
  "me/alpha432/oyvey/features/modules/misc/ToolTips": {
    "name": "me/alpha432/oyvey/features/modules/misc/ToolTips",
    "annotations": [
      {
        "type": "METHOD",
        "name": "Lnet/minecraftforge/fml/common/eventhandler/SubscribeEvent;",
        "target": "makeTooltip(Lnet/minecraftforge/event/entity/player/ItemTooltipEvent;)V",
        "values": {
          "priority": {
            "type": "ENUM",
            "value": "Lnet/minecraftforge/fml/common/eventhandler/EventPriority;/HIGHEST"
          }
        }
      }
    ]
  },
  "me/alpha432/oyvey/features/modules/misc/Tracker": {
    "name": "me/alpha432/oyvey/features/modules/misc/Tracker",
    "annotations": [
      {
        "type": "METHOD",
        "name": "Lnet/minecraftforge/fml/common/eventhandler/SubscribeEvent;",
        "target": "onDeath(Lme/alpha432/oyvey/event/events/DeathEvent;)V"
      }
    ]
  },
  "me/alpha432/oyvey/features/modules/player/Speedmine": {
    "name": "me/alpha432/oyvey/features/modules/player/Speedmine",
    "annotations": [
      {
        "type": "METHOD",
        "name": "Lnet/minecraftforge/fml/common/eventhandler/SubscribeEvent;",
        "target": "onBlockEvent(Lme/alpha432/oyvey/event/events/BlockEvent;)V"
      }
    ]
  },
  "me/alpha432/oyvey/features/modules/render/Wireframe": {
    "name": "me/alpha432/oyvey/features/modules/render/Wireframe",
    "annotations": [
      {
        "type": "METHOD",
        "name": "Lnet/minecraftforge/fml/common/eventhandler/SubscribeEvent;",
        "target": "onRenderPlayerEvent(Lnet/minecraftforge/client/event/RenderPlayerEvent$Pre;)V"
      }
    ]
  },
  "me/alpha432/oyvey/manager/ConfigManager": {
    "name": "me/alpha432/oyvey/manager/ConfigManager",
    "interfaces": [
      "me/alpha432/oyvey/util/Util"
    ]
  },
  "me/alpha432/oyvey/manager/EventManager": {
    "name": "me/alpha432/oyvey/manager/EventManager",
    "annotations": [
      {
        "type": "METHOD",
        "name": "Lnet/minecraftforge/fml/common/eventhandler/SubscribeEvent;",
        "target": "onUpdate(Lnet/minecraftforge/event/entity/living/LivingEvent$LivingUpdateEvent;)V"
      },
      {
        "type": "METHOD",
        "name": "Lnet/minecraftforge/fml/common/eventhandler/SubscribeEvent;",
        "target": "onClientConnect(Lnet/minecraftforge/fml/common/network/FMLNetworkEvent$ClientConnectedToServerEvent;)V"
      },
      {
        "type": "METHOD",
        "name": "Lnet/minecraftforge/fml/common/eventhandler/SubscribeEvent;",
        "target": "onClientDisconnect(Lnet/minecraftforge/fml/common/network/FMLNetworkEvent$ClientDisconnectionFromServerEvent;)V"
      },
      {
        "type": "METHOD",
        "name": "Lnet/minecraftforge/fml/common/eventhandler/SubscribeEvent;",
        "target": "onTick(Lnet/minecraftforge/fml/common/gameevent/TickEvent$ClientTickEvent;)V"
      },
      {
        "type": "METHOD",
        "name": "Lnet/minecraftforge/fml/common/eventhandler/SubscribeEvent;",
        "target": "onUpdateWalkingPlayer(Lme/alpha432/oyvey/event/events/UpdateWalkingPlayerEvent;)V"
      },
      {
        "type": "METHOD",
        "name": "Lnet/minecraftforge/fml/common/eventhandler/SubscribeEvent;",
        "target": "onPacketReceive(Lme/alpha432/oyvey/event/events/PacketEvent$Receive;)V"
      },
      {
        "type": "METHOD",
        "name": "Lnet/minecraftforge/fml/common/eventhandler/SubscribeEvent;",
        "target": "onWorldRender(Lnet/minecraftforge/client/event/RenderWorldLastEvent;)V"
      },
      {
        "type": "METHOD",
        "name": "Lnet/minecraftforge/fml/common/eventhandler/SubscribeEvent;",
        "target": "renderHUD(Lnet/minecraftforge/client/event/RenderGameOverlayEvent$Post;)V"
      },
      {
        "type": "METHOD",
        "name": "Lnet/minecraftforge/fml/common/eventhandler/SubscribeEvent;",
        "target": "onRenderGameOverlayEvent(Lnet/minecraftforge/client/event/RenderGameOverlayEvent$Text;)V",
        "values": {
          "priority": {
            "type": "ENUM",
            "value": "Lnet/minecraftforge/fml/common/eventhandler/EventPriority;/LOW"
          }
        }
      },
      {
        "type": "METHOD",
        "name": "Lnet/minecraftforge/fml/common/eventhandler/SubscribeEvent;",
        "target": "onKeyInput(Lnet/minecraftforge/fml/common/gameevent/InputEvent$KeyInputEvent;)V",
        "values": {
          "priority": {
            "type": "ENUM",
            "value": "Lnet/minecraftforge/fml/common/eventhandler/EventPriority;/NORMAL"
          },
          "receiveCanceled": {
            "type": "BOOL",
            "value": "true"
          }
        }
      },
      {
        "type": "METHOD",
        "name": "Lnet/minecraftforge/fml/common/eventhandler/SubscribeEvent;",
        "target": "onChatSent(Lnet/minecraftforge/client/event/ClientChatEvent;)V",
        "values": {
          "priority": {
            "type": "ENUM",
            "value": "Lnet/minecraftforge/fml/common/eventhandler/EventPriority;/HIGHEST"
          }
        }
      }
    ]
  },
  "me/alpha432/oyvey/manager/InventoryManager": {
    "name": "me/alpha432/oyvey/manager/InventoryManager",
    "interfaces": [
      "me/alpha432/oyvey/util/Util"
    ]
  },
  "me/alpha432/oyvey/manager/ReloadManager": {
    "name": "me/alpha432/oyvey/manager/ReloadManager",
    "annotations": [
      {
        "type": "METHOD",
        "name": "Lnet/minecraftforge/fml/common/eventhandler/SubscribeEvent;",
        "target": "onPacketSend(Lme/alpha432/oyvey/event/events/PacketEvent$Send;)V"
      }
    ]
  },
  "me/alpha432/oyvey/mixin/OyVeyLoader": {
    "name": "me/alpha432/oyvey/mixin/OyVeyLoader",
    "interfaces": [
      "net/minecraftforge/fml/relauncher/IFMLLoadingPlugin"
    ]
  },
  "me/alpha432/oyvey/mixin/mixins/MixinBlockLiquid": {
    "name": "me/alpha432/oyvey/mixin/mixins/MixinBlockLiquid",
    "annotations": [
      {
        "type": "CLASS",
        "name": "Lorg/spongepowered/asm/mixin/Mixin;",
        "target": "me/alpha432/oyvey/mixin/mixins/MixinBlockLiquid",
        "value": {
          "type": "CLASS",
          "values": [
            "Lnet/minecraft/block/BlockLiquid;"
          ]
        }
      },
      {
        "type": "SUBTYPE",
        "name": "Lorg/spongepowered/asm/mixin/injection/At;",
        "id": 28,
        "value": {
          "value": "HEAD"
        }
      },
      {
        "type": "METHOD",
        "name": "Lorg/spongepowered/asm/mixin/injection/Inject;",
        "target": "canCollideCheckHook(Lnet/minecraft/block/state/IBlockState;ZLorg/spongepowered/asm/mixin/injection/callback/CallbackInfoReturnable;)V",
        "values": {
          "at": {
            "type": "ANNOTATION",
            "values": [
              "28"
            ]
          },
          "cancellable": {
            "type": "BOOL",
            "value": "true"
          },
          "method": {
            "values": [
              "canCollideCheck"
            ]
          }
        }
      }
    ]
  },
  "me/alpha432/oyvey/mixin/mixins/MixinEntityPlayer": {
    "name": "me/alpha432/oyvey/mixin/mixins/MixinEntityPlayer",
    "annotations": [
      {
        "type": "CLASS",
        "name": "Lorg/spongepowered/asm/mixin/Mixin;",
        "target": "me/alpha432/oyvey/mixin/mixins/MixinEntityPlayer",
        "value": {
          "type": "CLASS",
          "values": [
            "Lnet/minecraft/entity/player/EntityPlayer;"
          ]
        }
      },
      {
        "type": "SUBTYPE",
        "name": "Lorg/spongepowered/asm/mixin/injection/At;",
        "id": 29,
        "value": {
          "value": "HEAD"
        }
      },
      {
        "type": "METHOD",
        "name": "Lorg/spongepowered/asm/mixin/injection/Inject;",
        "target": "getCooldownPeriodHook(Lorg/spongepowered/asm/mixin/injection/callback/CallbackInfoReturnable;)V",
        "values": {
          "at": {
            "type": "ANNOTATION",
            "values": [
              "29"
            ]
          },
          "cancellable": {
            "type": "BOOL",
            "value": "true"
          },
          "method": {
            "values": [
              "getCooldownPeriod"
            ]
          }
        }
      }
    ]
  },
  "me/alpha432/oyvey/mixin/mixins/MixinEntityPlayerSP": {
    "name": "me/alpha432/oyvey/mixin/mixins/MixinEntityPlayerSP",
    "annotations": [
      {
        "type": "CLASS",
        "name": "Lorg/spongepowered/asm/mixin/Mixin;",
        "target": "me/alpha432/oyvey/mixin/mixins/MixinEntityPlayerSP",
        "values": {
          "priority": {
            "type": "INT",
            "value": "9998"
          },
          "value": {
            "type": "CLASS",
            "values": [
              "Lnet/minecraft/client/entity/EntityPlayerSP;"
            ]
          }
        }
      },
      {
        "type": "SUBTYPE",
        "name": "Lorg/spongepowered/asm/mixin/injection/At;",
        "id": 30,
        "value": {
          "value": "HEAD"
        }
      },
      {
        "type": "METHOD",
        "name": "Lorg/spongepowered/asm/mixin/injection/Inject;",
        "target": "sendChatMessage(Ljava/lang/String;Lorg/spongepowered/asm/mixin/injection/callback/CallbackInfo;)V",
        "values": {
          "at": {
            "type": "ANNOTATION",
            "values": [
              "30"
            ]
          },
          "cancellable": {
            "type": "BOOL",
            "value": "true"
          },
          "method": {
            "values": [
              "sendChatMessage"
            ]
          }
        }
      },
      {
        "type": "SUBTYPE",
        "name": "Lorg/spongepowered/asm/mixin/injection/At;",
        "id": 31,
        "value": {
          "value": "HEAD"
        }
      },
      {
        "type": "METHOD",
        "name": "Lorg/spongepowered/asm/mixin/injection/Inject;",
        "target": "preMotion(Lorg/spongepowered/asm/mixin/injection/callback/CallbackInfo;)V",
        "values": {
          "at": {
            "type": "ANNOTATION",
            "values": [
              "31"
            ]
          },
          "method": {
            "values": [
              "onUpdateWalkingPlayer"
            ]
          }
        }
      },
      {
        "type": "SUBTYPE",
        "name": "Lorg/spongepowered/asm/mixin/injection/At;",
        "id": 32,
        "value": {
          "value": "RETURN"
        }
      },
      {
        "type": "METHOD",
        "name": "Lorg/spongepowered/asm/mixin/injection/Inject;",
        "target": "postMotion(Lorg/spongepowered/asm/mixin/injection/callback/CallbackInfo;)V",
        "values": {
          "at": {
            "type": "ANNOTATION",
            "values": [
              "32"
            ]
          },
          "method": {
            "values": [
              "onUpdateWalkingPlayer"
            ]
          }
        }
      }
    ]
  },
  "me/alpha432/oyvey/mixin/mixins/MixinEntityRenderer": {
    "name": "me/alpha432/oyvey/mixin/mixins/MixinEntityRenderer",
    "annotations": [
      {
        "type": "CLASS",
        "name": "Lorg/spongepowered/asm/mixin/Mixin;",
        "target": "me/alpha432/oyvey/mixin/mixins/MixinEntityRenderer",
        "value": {
          "type": "CLASS",
          "values": [
            "Lnet/minecraft/client/renderer/EntityRenderer;"
          ]
        }
      },
      {
        "type": "SUBTYPE",
        "name": "Lorg/spongepowered/asm/mixin/injection/At;",
        "id": 33,
        "values": {
          "target": {
            "value": "Lnet/minecraft/client/multiplayer/WorldClient;getEntitiesInAABBexcluding(Lnet/minecraft/entity/Entity;Lnet/minecraft/util/math/AxisAlignedBB;Lcom/google/common/base/Predicate;)Ljava/util/List;"
          },
          "value": {
            "value": "INVOKE"
          }
        }
      },
      {
        "type": "METHOD",
        "name": "Lorg/spongepowered/asm/mixin/injection/Redirect;",
        "target": "getEntitiesInAABBexcluding(Lnet/minecraft/client/multiplayer/WorldClient;Lnet/minecraft/entity/Entity;Lnet/minecraft/util/math/AxisAlignedBB;Lcom/google/common/base/Predicate;)Ljava/util/List;",
        "values": {
          "at": {
            "type": "ANNOTATION",
            "value": "33"
          },
          "method": {
            "values": [
              "getMouseOver"
            ]
          }
        }
      }
    ]
  },
  "me/alpha432/oyvey/mixin/mixins/MixinGuiNewChat": {
    "name": "me/alpha432/oyvey/mixin/mixins/MixinGuiNewChat",
    "annotations": [
      {
        "type": "CLASS",
        "name": "Lorg/spongepowered/asm/mixin/Mixin;",
        "target": "me/alpha432/oyvey/mixin/mixins/MixinGuiNewChat",
        "value": {
          "type": "CLASS",
          "values": [
            "Lnet/minecraft/client/gui/GuiNewChat;"
          ]
        }
      },
      {
        "type": "SUBTYPE",
        "name": "Lorg/spongepowered/asm/mixin/injection/At;",
        "id": 34,
        "values": {
          "target": {
            "value": "Lnet/minecraft/client/gui/GuiNewChat;drawRect(IIIII)V"
          },
          "value": {
            "value": "INVOKE"
          }
        }
      },
      {
        "type": "METHOD",
        "name": "Lorg/spongepowered/asm/mixin/injection/Redirect;",
        "target": "drawRectHook(IIIII)V",
        "values": {
          "at": {
            "type": "ANNOTATION",
            "value": "34"
          },
          "method": {
            "values": [
              "drawChat"
            ]
          }
        }
      },
      {
        "type": "SUBTYPE",
        "name": "Lorg/spongepowered/asm/mixin/injection/At;",
        "id": 35,
        "values": {
          "ordinal": {
            "type": "INT",
            "value": "0"
          },
          "target": {
            "value": "Ljava/util/List;size()I"
          },
          "value": {
            "value": "INVOKE"
          }
        }
      },
      {
        "type": "METHOD",
        "name": "Lorg/spongepowered/asm/mixin/injection/Redirect;",
        "target": "drawnChatLinesSize(Ljava/util/List;)I",
        "values": {
          "at": {
            "type": "ANNOTATION",
            "value": "35"
          },
          "method": {
            "values": [
              "setChatLine"
            ]
          }
        }
      },
      {
        "type": "SUBTYPE",
        "name": "Lorg/spongepowered/asm/mixin/injection/At;",
        "id": 36,
        "values": {
          "ordinal": {
            "type": "INT",
            "value": "2"
          },
          "target": {
            "value": "Ljava/util/List;size()I"
          },
          "value": {
            "value": "INVOKE"
          }
        }
      },
      {
        "type": "METHOD",
        "name": "Lorg/spongepowered/asm/mixin/injection/Redirect;",
        "target": "chatLinesSize(Ljava/util/List;)I",
        "values": {
          "at": {
            "type": "ANNOTATION",
            "value": "36"
          },
          "method": {
            "values": [
              "setChatLine"
            ]
          }
        }
      }
    ]
  },
  "me/alpha432/oyvey/mixin/mixins/MixinGuiPlayerTabOverlay": {
    "name": "me/alpha432/oyvey/mixin/mixins/MixinGuiPlayerTabOverlay",
    "annotations": [
      {
        "type": "CLASS",
        "name": "Lorg/spongepowered/asm/mixin/Mixin;",
        "target": "me/alpha432/oyvey/mixin/mixins/MixinGuiPlayerTabOverlay",
        "value": {
          "type": "CLASS",
          "values": [
            "Lnet/minecraft/client/gui/GuiPlayerTabOverlay;"
          ]
        }
      },
      {
        "type": "SUBTYPE",
        "name": "Lorg/spongepowered/asm/mixin/injection/At;",
        "id": 37,
        "values": {
          "target": {
            "value": "Ljava/util/List;subList(II)Ljava/util/List;"
          },
          "value": {
            "value": "INVOKE"
          }
        }
      },
      {
        "type": "METHOD",
        "name": "Lorg/spongepowered/asm/mixin/injection/Redirect;",
        "target": "subListHook(Ljava/util/List;II)Ljava/util/List;",
        "values": {
          "at": {
            "type": "ANNOTATION",
            "value": "37"
          },
          "method": {
            "values": [
              "renderPlayerlist"
            ]
          }
        }
      },
      {
        "type": "SUBTYPE",
        "name": "Lorg/spongepowered/asm/mixin/injection/At;",
        "id": 38,
        "value": {
          "value": "HEAD"
        }
      },
      {
        "type": "METHOD",
        "name": "Lorg/spongepowered/asm/mixin/injection/Inject;",
        "target": "getPlayerNameHook(Lnet/minecraft/client/network/NetworkPlayerInfo;Lorg/spongepowered/asm/mixin/injection/callback/CallbackInfoReturnable;)V",
        "values": {
          "at": {
            "type": "ANNOTATION",
            "values": [
              "38"
            ]
          },
          "cancellable": {
            "type": "BOOL",
            "value": "true"
          },
          "method": {
            "values": [
              "getPlayerName"
            ]
          }
        }
      }
    ]
  },
  "me/alpha432/oyvey/mixin/mixins/MixinGuiScreen": {
    "name": "me/alpha432/oyvey/mixin/mixins/MixinGuiScreen",
    "annotations": [
      {
        "type": "CLASS",
        "name": "Lorg/spongepowered/asm/mixin/Mixin;",
        "target": "me/alpha432/oyvey/mixin/mixins/MixinGuiScreen",
        "value": {
          "type": "CLASS",
          "values": [
            "Lnet/minecraft/client/gui/GuiScreen;"
          ]
        }
      },
      {
        "type": "SUBTYPE",
        "name": "Lorg/spongepowered/asm/mixin/injection/At;",
        "id": 39,
        "value": {
          "value": "HEAD"
        }
      },
      {
        "type": "METHOD",
        "name": "Lorg/spongepowered/asm/mixin/injection/Inject;",
        "target": "renderToolTipHook(Lnet/minecraft/item/ItemStack;IILorg/spongepowered/asm/mixin/injection/callback/CallbackInfo;)V",
        "values": {
          "at": {
            "type": "ANNOTATION",
            "values": [
              "39"
            ]
          },
          "cancellable": {
            "type": "BOOL",
            "value": "true"
          },
          "method": {
            "values": [
              "renderToolTip"
            ]
          }
        }
      }
    ]
  },
  "me/alpha432/oyvey/mixin/mixins/MixinItemRenderer": {
    "name": "me/alpha432/oyvey/mixin/mixins/MixinItemRenderer",
    "annotations": [
      {
        "type": "CLASS",
        "name": "Lorg/spongepowered/asm/mixin/Mixin;",
        "target": "me/alpha432/oyvey/mixin/mixins/MixinItemRenderer",
        "value": {
          "type": "CLASS",
          "values": [
            "Lnet/minecraft/client/renderer/ItemRenderer;"
          ]
        }
      },
      {
        "type": "FIELD",
        "name": "Lorg/spongepowered/asm/mixin/Shadow;",
        "target": "field_78455_a"
      },
      {
        "type": "FIELD",
        "name": "Lorg/spongepowered/asm/mixin/Final;",
        "target": "field_78455_a"
      },
      {
        "type": "METHOD",
        "name": "Lorg/spongepowered/asm/mixin/Shadow;",
        "target": "func_187457_a(Lnet/minecraft/client/entity/AbstractClientPlayer;FFLnet/minecraft/util/EnumHand;FLnet/minecraft/item/ItemStack;F)V"
      },
      {
        "type": "METHOD",
        "name": "Lorg/spongepowered/asm/mixin/Shadow;",
        "target": "func_187456_a(FFLnet/minecraft/util/EnumHandSide;)V"
      },
      {
        "type": "SUBTYPE",
        "name": "Lorg/spongepowered/asm/mixin/injection/At;",
        "id": 40,
        "value": {
          "value": "HEAD"
        }
      },
      {
        "type": "METHOD",
        "name": "Lorg/spongepowered/asm/mixin/injection/Inject;",
        "target": "renderItemInFirstPersonHook(Lnet/minecraft/client/entity/AbstractClientPlayer;FFLnet/minecraft/util/EnumHand;FLnet/minecraft/item/ItemStack;FLorg/spongepowered/asm/mixin/injection/callback/CallbackInfo;)V",
        "values": {
          "at": {
            "type": "ANNOTATION",
            "values": [
              "40"
            ]
          },
          "cancellable": {
            "type": "BOOL",
            "value": "true"
          },
          "method": {
            "values": [
              "renderItemInFirstPerson(Lnet/minecraft/client/entity/AbstractClientPlayer;FFLnet/minecraft/util/EnumHand;FLnet/minecraft/item/ItemStack;F)V"
            ]
          }
        }
      }
    ]
  },
  "me/alpha432/oyvey/mixin/mixins/MixinMinecraft": {
    "name": "me/alpha432/oyvey/mixin/mixins/MixinMinecraft",
    "annotations": [
      {
        "type": "CLASS",
        "name": "Lorg/spongepowered/asm/mixin/Mixin;",
        "target": "me/alpha432/oyvey/mixin/mixins/MixinMinecraft",
        "value": {
          "type": "CLASS",
          "values": [
            "Lnet/minecraft/client/Minecraft;"
          ]
        }
      },
      {
        "type": "SUBTYPE",
        "name": "Lorg/spongepowered/asm/mixin/injection/At;",
        "id": 41,
        "value": {
          "value": "HEAD"
        }
      },
      {
        "type": "METHOD",
        "name": "Lorg/spongepowered/asm/mixin/injection/Inject;",
        "target": "stopClient(Lorg/spongepowered/asm/mixin/injection/callback/CallbackInfo;)V",
        "values": {
          "at": {
            "type": "ANNOTATION",
            "values": [
              "41"
            ]
          },
          "method": {
            "values": [
              "shutdownMinecraftApplet"
            ]
          }
        }
      },
      {
        "type": "SUBTYPE",
        "name": "Lorg/spongepowered/asm/mixin/injection/At;",
        "id": 42,
        "values": {
          "target": {
            "value": "Lnet/minecraft/client/Minecraft;displayCrashReport(Lnet/minecraft/crash/CrashReport;)V"
          },
          "value": {
            "value": "INVOKE"
          }
        }
      },
      {
        "type": "METHOD",
        "name": "Lorg/spongepowered/asm/mixin/injection/Redirect;",
        "target": "displayCrashReport(Lnet/minecraft/client/Minecraft;Lnet/minecraft/crash/CrashReport;)V",
        "values": {
          "at": {
            "type": "ANNOTATION",
            "value": "42"
          },
          "method": {
            "values": [
              "run"
            ]
          }
        }
      },
      {
        "type": "SUBTYPE",
        "name": "Lorg/spongepowered/asm/mixin/injection/At;",
        "id": 43,
        "values": {
          "ordinal": {
            "type": "INT",
            "value": "0"
          },
          "remap": {
            "type": "BOOL",
            "value": "false"
          },
          "shift": {
            "type": "ENUM",
            "value": "Lorg/spongepowered/asm/mixin/injection/At$Shift;/BEFORE"
          },
          "target": {
            "value": "Lorg/lwjgl/input/Keyboard;getEventKey()I"
          },
          "value": {
            "value": "INVOKE"
          }
        }
      },
      {
        "type": "METHOD",
        "name": "Lorg/spongepowered/asm/mixin/injection/Inject;",
        "target": "onKeyboard(Lorg/spongepowered/asm/mixin/injection/callback/CallbackInfo;)V",
        "values": {
          "at": {
            "type": "ANNOTATION",
            "values": [
              "43"
            ]
          },
          "method": {
            "values": [
              "runTickKeyboard"
            ]
          }
        }
      },
      {
        "type": "SUBTYPE",
        "name": "Lorg/spongepowered/asm/mixin/injection/At;",
        "id": 44,
        "values": {
          "target": {
            "value": "Lnet/minecraft/client/entity/EntityPlayerSP;isHandActive()Z"
          },
          "value": {
            "value": "INVOKE"
          }
        }
      },
      {
        "type": "METHOD",
        "name": "Lorg/spongepowered/asm/mixin/injection/Redirect;",
        "target": "isHandActiveWrapper(Lnet/minecraft/client/entity/EntityPlayerSP;)Z",
        "values": {
          "at": {
            "type": "ANNOTATION",
            "value": "44"
          },
          "method": {
            "values": [
              "sendClickBlockToController"
            ]
          }
        }
      },
      {
        "type": "SUBTYPE",
        "name": "Lorg/spongepowered/asm/mixin/injection/At;",
        "id": 45,
        "values": {
          "ordinal": {
            "type": "INT",
            "value": "0"
          },
          "target": {
            "value": "Lnet/minecraft/client/multiplayer/PlayerControllerMP;getIsHittingBlock()Z"
          },
          "value": {
            "value": "INVOKE"
          }
        }
      },
      {
        "type": "METHOD",
        "name": "Lorg/spongepowered/asm/mixin/injection/Redirect;",
        "target": "isHittingBlockHook(Lnet/minecraft/client/multiplayer/PlayerControllerMP;)Z",
        "values": {
          "at": {
            "type": "ANNOTATION",
            "value": "45"
          },
          "method": {
            "values": [
              "rightClickMouse"
            ]
          }
        }
      }
    ]
  },
  "me/alpha432/oyvey/mixin/mixins/MixinModelPlayer": {
    "name": "me/alpha432/oyvey/mixin/mixins/MixinModelPlayer",
    "annotations": [
      {
        "type": "CLASS",
        "name": "Lorg/spongepowered/asm/mixin/Mixin;",
        "target": "me/alpha432/oyvey/mixin/mixins/MixinModelPlayer",
        "value": {
          "type": "CLASS",
          "values": [
            "Lnet/minecraft/client/model/ModelPlayer;"
          ]
        }
      },
      {
        "type": "SUBTYPE",
        "name": "Lorg/spongepowered/asm/mixin/injection/At;",
        "id": 46,
        "value": {
          "value": "RETURN"
        }
      },
      {
        "type": "METHOD",
        "name": "Lorg/spongepowered/asm/mixin/injection/Inject;",
        "target": "setRotationAngles(FFFFFFLnet/minecraft/entity/Entity;Lorg/spongepowered/asm/mixin/injection/callback/CallbackInfo;)V",
        "values": {
          "at": {
            "type": "ANNOTATION",
            "values": [
              "46"
            ]
          },
          "method": {
            "values": [
              "setRotationAngles"
            ]
          }
        }
      }
    ]
  },
  "me/alpha432/oyvey/mixin/mixins/MixinNetworkManager": {
    "name": "me/alpha432/oyvey/mixin/mixins/MixinNetworkManager",
    "annotations": [
      {
        "type": "CLASS",
        "name": "Lorg/spongepowered/asm/mixin/Mixin;",
        "target": "me/alpha432/oyvey/mixin/mixins/MixinNetworkManager",
        "value": {
          "type": "CLASS",
          "values": [
            "Lnet/minecraft/network/NetworkManager;"
          ]
        }
      },
      {
        "type": "SUBTYPE",
        "name": "Lorg/spongepowered/asm/mixin/injection/At;",
        "id": 47,
        "value": {
          "value": "HEAD"
        }
      },
      {
        "type": "METHOD",
        "name": "Lorg/spongepowered/asm/mixin/injection/Inject;",
        "target": "onSendPacketPre(Lnet/minecraft/network/Packet;Lorg/spongepowered/asm/mixin/injection/callback/CallbackInfo;)V",
        "values": {
          "at": {
            "type": "ANNOTATION",
            "values": [
              "47"
            ]
          },
          "cancellable": {
            "type": "BOOL",
            "value": "true"
          },
          "method": {
            "values": [
              "sendPacket(Lnet/minecraft/network/Packet;)V"
            ]
          }
        }
      },
      {
        "type": "SUBTYPE",
        "name": "Lorg/spongepowered/asm/mixin/injection/At;",
        "id": 48,
        "value": {
          "value": "HEAD"
        }
      },
      {
        "type": "METHOD",
        "name": "Lorg/spongepowered/asm/mixin/injection/Inject;",
        "target": "onChannelReadPre(Lio/netty/channel/ChannelHandlerContext;Lnet/minecraft/network/Packet;Lorg/spongepowered/asm/mixin/injection/callback/CallbackInfo;)V",
        "values": {
          "at": {
            "type": "ANNOTATION",
            "values": [
              "48"
            ]
          },
          "cancellable": {
            "type": "BOOL",
            "value": "true"
          },
          "method": {
            "values": [
              "channelRead0"
            ]
          }
        }
      }
    ]
  },
  "me/alpha432/oyvey/mixin/mixins/MixinPlayerControllerMP": {
    "name": "me/alpha432/oyvey/mixin/mixins/MixinPlayerControllerMP",
    "annotations": [
      {
        "type": "CLASS",
        "name": "Lorg/spongepowered/asm/mixin/Mixin;",
        "target": "me/alpha432/oyvey/mixin/mixins/MixinPlayerControllerMP",
        "value": {
          "type": "CLASS",
          "values": [
            "Lnet/minecraft/client/multiplayer/PlayerControllerMP;"
          ]
        }
      },
      {
        "type": "SUBTYPE",
        "name": "Lorg/spongepowered/asm/mixin/injection/At;",
        "id": 49,
        "values": {
          "target": {
            "value": "Lnet/minecraft/block/state/IBlockState;getPlayerRelativeBlockHardness(Lnet/minecraft/entity/player/EntityPlayer;Lnet/minecraft/world/World;Lnet/minecraft/util/math/BlockPos;)F"
          },
          "value": {
            "value": "INVOKE"
          }
        }
      },
      {
        "type": "METHOD",
        "name": "Lorg/spongepowered/asm/mixin/injection/Redirect;",
        "target": "getPlayerRelativeBlockHardnessHook(Lnet/minecraft/block/state/IBlockState;Lnet/minecraft/entity/player/EntityPlayer;Lnet/minecraft/world/World;Lnet/minecraft/util/math/BlockPos;)F",
        "values": {
          "at": {
            "type": "ANNOTATION",
            "value": "49"
          },
          "method": {
            "values": [
              "onPlayerDamageBlock"
            ]
          }
        }
      },
      {
        "type": "SUBTYPE",
        "name": "Lorg/spongepowered/asm/mixin/injection/At;",
        "id": 50,
        "value": {
          "value": "HEAD"
        }
      },
      {
        "type": "METHOD",
        "name": "Lorg/spongepowered/asm/mixin/injection/Inject;",
        "target": "clickBlockHook(Lnet/minecraft/util/math/BlockPos;Lnet/minecraft/util/EnumFacing;Lorg/spongepowered/asm/mixin/injection/callback/CallbackInfoReturnable;)V",
        "values": {
          "at": {
            "type": "ANNOTATION",
            "values": [
              "50"
            ]
          },
          "cancellable": {
            "type": "BOOL",
            "value": "true"
          },
          "method": {
            "values": [
              "clickBlock"
            ]
          }
        }
      },
      {
        "type": "SUBTYPE",
        "name": "Lorg/spongepowered/asm/mixin/injection/At;",
        "id": 51,
        "value": {
          "value": "HEAD"
        }
      },
      {
        "type": "METHOD",
        "name": "Lorg/spongepowered/asm/mixin/injection/Inject;",
        "target": "onPlayerDamageBlockHook(Lnet/minecraft/util/math/BlockPos;Lnet/minecraft/util/EnumFacing;Lorg/spongepowered/asm/mixin/injection/callback/CallbackInfoReturnable;)V",
        "values": {
          "at": {
            "type": "ANNOTATION",
            "values": [
              "51"
            ]
          },
          "cancellable": {
            "type": "BOOL",
            "value": "true"
          },
          "method": {
            "values": [
              "onPlayerDamageBlock"
            ]
          }
        }
      },
      {
        "type": "SUBTYPE",
        "name": "Lorg/spongepowered/asm/mixin/injection/At;",
        "id": 52,
        "value": {
          "value": "HEAD"
        }
      },
      {
        "type": "METHOD",
        "name": "Lorg/spongepowered/asm/mixin/injection/Inject;",
        "target": "processRightClickBlock(Lnet/minecraft/client/entity/EntityPlayerSP;Lnet/minecraft/client/multiplayer/WorldClient;Lnet/minecraft/util/math/BlockPos;Lnet/minecraft/util/EnumFacing;Lnet/minecraft/util/math/Vec3d;Lnet/minecraft/util/EnumHand;Lorg/spongepowered/asm/mixin/injection/callback/CallbackInfoReturnable;)V",
        "values": {
          "at": {
            "type": "ANNOTATION",
            "values": [
              "52"
            ]
          },
          "cancellable": {
            "type": "BOOL",
            "value": "true"
          },
          "method": {
            "values": [
              "processRightClickBlock"
            ]
          }
        }
      }
    ]
  },
  "me/alpha432/oyvey/mixin/mixins/MixinRenderEnderCrystal": {
    "name": "me/alpha432/oyvey/mixin/mixins/MixinRenderEnderCrystal",
    "annotations": [
      {
        "type": "CLASS",
        "name": "Lorg/spongepowered/asm/mixin/Mixin;",
        "target": "me/alpha432/oyvey/mixin/mixins/MixinRenderEnderCrystal",
        "value": {
          "type": "CLASS",
          "values": [
            "Lnet/minecraft/client/renderer/entity/RenderEnderCrystal;"
          ]
        }
      },
      {
        "type": "FIELD",
        "name": "Lorg/spongepowered/asm/mixin/Shadow;",
        "target": "field_110787_a"
      },
      {
        "type": "FIELD",
        "name": "Lorg/spongepowered/asm/mixin/Shadow;",
        "target": "field_76995_b"
      },
      {
        "type": "FIELD",
        "name": "Lorg/spongepowered/asm/mixin/Shadow;",
        "target": "field_188316_g"
      },
      {
        "type": "METHOD",
        "name": "Lorg/spongepowered/asm/mixin/Overwrite;",
        "target": "func_76986_a(Lnet/minecraft/entity/item/EntityEnderCrystal;DDDFF)V"
      },
      {
        "type": "METHOD",
        "name": "Lorg/spongepowered/asm/mixin/Overwrite;",
        "target": "func_76986_a(Lnet/minecraft/entity/Entity;DDDFF)V"
      }
    ]
  },
  "me/alpha432/oyvey/mixin/mixins/MixinRenderLivingBase": {
    "name": "me/alpha432/oyvey/mixin/mixins/MixinRenderLivingBase",
    "annotations": [
      {
        "type": "CLASS",
        "name": "Lorg/spongepowered/asm/mixin/Mixin;",
        "target": "me/alpha432/oyvey/mixin/mixins/MixinRenderLivingBase",
        "value": {
          "type": "CLASS",
          "values": [
            "Lnet/minecraft/client/renderer/entity/RenderLivingBase;"
          ]
        }
      },
      {
        "type": "FIELD",
        "name": "Lorg/spongepowered/asm/mixin/Shadow;",
        "target": "field_147923_a"
      },
      {
        "type": "FIELD",
        "name": "Lorg/spongepowered/asm/mixin/Shadow;",
        "target": "field_77045_g"
      },
      {
        "type": "FIELD",
        "name": "Lorg/spongepowered/asm/mixin/Shadow;",
        "target": "field_188323_j"
      },
      {
        "type": "METHOD",
        "name": "Lorg/spongepowered/asm/mixin/Overwrite;",
        "target": "func_76986_a(Lnet/minecraft/entity/EntityLivingBase;DDDFF)V"
      },
      {
        "type": "METHOD",
        "name": "Lorg/spongepowered/asm/mixin/Shadow;",
        "target": "func_193115_c(Lnet/minecraft/entity/EntityLivingBase;)Z"
      },
      {
        "type": "METHOD",
        "name": "Lorg/spongepowered/asm/mixin/Shadow;",
        "target": "func_77040_d(Lnet/minecraft/entity/EntityLivingBase;F)F"
      },
      {
        "type": "METHOD",
        "name": "Lorg/spongepowered/asm/mixin/Shadow;",
        "target": "func_77034_a(FFF)F"
      },
      {
        "type": "METHOD",
        "name": "Lorg/spongepowered/asm/mixin/Shadow;",
        "target": "func_77044_a(Lnet/minecraft/entity/EntityLivingBase;F)F"
      },
      {
        "type": "METHOD",
        "name": "Lorg/spongepowered/asm/mixin/Shadow;",
        "target": "func_77043_a(Lnet/minecraft/entity/EntityLivingBase;FFF)V"
      },
      {
        "type": "METHOD",
        "name": "Lorg/spongepowered/asm/mixin/Shadow;",
        "target": "func_188322_c(Lnet/minecraft/entity/EntityLivingBase;F)F"
      },
      {
        "type": "METHOD",
        "name": "Lorg/spongepowered/asm/mixin/Shadow;",
        "target": "func_180565_e()V"
      },
      {
        "type": "METHOD",
        "name": "Lorg/spongepowered/asm/mixin/Shadow;",
        "target": "func_177088_c(Lnet/minecraft/entity/EntityLivingBase;)Z"
      },
      {
        "type": "METHOD",
        "name": "Lorg/spongepowered/asm/mixin/Shadow;",
        "target": "func_77039_a(Lnet/minecraft/entity/EntityLivingBase;DDD)V"
      },
      {
        "type": "METHOD",
        "name": "Lorg/spongepowered/asm/mixin/Shadow;",
        "target": "func_177091_f()V"
      },
      {
        "type": "METHOD",
        "name": "Lorg/spongepowered/asm/mixin/Shadow;",
        "target": "func_77036_a(Lnet/minecraft/entity/EntityLivingBase;FFFFFF)V"
      },
      {
        "type": "METHOD",
        "name": "Lorg/spongepowered/asm/mixin/Shadow;",
        "target": "func_177093_a(Lnet/minecraft/entity/EntityLivingBase;FFFFFFF)V"
      },
      {
        "type": "METHOD",
        "name": "Lorg/spongepowered/asm/mixin/Shadow;",
        "target": "func_177090_c(Lnet/minecraft/entity/EntityLivingBase;F)Z"
      },
      {
        "type": "METHOD",
        "name": "Lorg/spongepowered/asm/mixin/Overwrite;",
        "target": "func_76986_a(Lnet/minecraft/entity/Entity;DDDFF)V"
      }
    ]
  },
  "me/alpha432/oyvey/mixin/mixins/MixinWorld": {
    "name": "me/alpha432/oyvey/mixin/mixins/MixinWorld",
    "annotations": [
      {
        "type": "CLASS",
        "name": "Lorg/spongepowered/asm/mixin/Mixin;",
        "target": "me/alpha432/oyvey/mixin/mixins/MixinWorld",
        "value": {
          "type": "CLASS",
          "values": [
            "Lnet/minecraft/world/World;"
          ]
        }
      },
      {
        "type": "SUBTYPE",
        "name": "Lorg/spongepowered/asm/mixin/injection/At;",
        "id": 53,
        "values": {
          "target": {
            "value": "Lnet/minecraft/world/chunk/Chunk;getEntitiesOfTypeWithinAABB(Ljava/lang/Class;Lnet/minecraft/util/math/AxisAlignedBB;Ljava/util/List;Lcom/google/common/base/Predicate;)V"
          },
          "value": {
            "value": "INVOKE"
          }
        }
      },
      {
        "type": "METHOD",
        "name": "Lorg/spongepowered/asm/mixin/injection/Redirect;",
        "target": "getEntitiesOfTypeWithinAABBHook(Lnet/minecraft/world/chunk/Chunk;Ljava/lang/Class;Lnet/minecraft/util/math/AxisAlignedBB;Ljava/util/List;Lcom/google/common/base/Predicate;)V",
        "values": {
          "at": {
            "type": "ANNOTATION",
            "value": "53"
          },
          "method": {
            "values": [
              "getEntitiesWithinAABB(Ljava/lang/Class;Lnet/minecraft/util/math/AxisAlignedBB;Lcom/google/common/base/Predicate;)Ljava/util/List;"
            ]
          }
        }
      },
      {
        "type": "SUBTYPE",
        "name": "Lorg/spongepowered/asm/mixin/injection/At;",
        "id": 54,
        "value": {
          "value": "HEAD"
        }
      },
      {
        "type": "METHOD",
        "name": "Lorg/spongepowered/asm/mixin/injection/Inject;",
        "target": "onEntityAdded(Lnet/minecraft/entity/Entity;Lorg/spongepowered/asm/mixin/injection/callback/CallbackInfo;)V",
        "values": {
          "at": {
            "type": "ANNOTATION",
            "values": [
              "54"
            ]
          },
          "method": {
            "values": [
              "onEntityAdded"
            ]
          }
        }
      }
    ]
  },
  "me/alpha432/oyvey/util/BlockUtil": {
    "name": "me/alpha432/oyvey/util/BlockUtil",
    "interfaces": [
      "me/alpha432/oyvey/util/Util"
    ]
  },
  "me/alpha432/oyvey/util/DamageUtil": {
    "name": "me/alpha432/oyvey/util/DamageUtil",
    "interfaces": [
      "me/alpha432/oyvey/util/Util"
    ]
  },
  "me/alpha432/oyvey/util/EntityUtil": {
    "name": "me/alpha432/oyvey/util/EntityUtil",
    "interfaces": [
      "me/alpha432/oyvey/util/Util"
    ]
  },
  "me/alpha432/oyvey/util/InventoryUtil": {
    "name": "me/alpha432/oyvey/util/InventoryUtil",
    "interfaces": [
      "me/alpha432/oyvey/util/Util"
    ]
  },
  "me/alpha432/oyvey/util/MathUtil": {
    "name": "me/alpha432/oyvey/util/MathUtil",
    "interfaces": [
      "me/alpha432/oyvey/util/Util"
    ]
  },
  "me/alpha432/oyvey/util/PlayerUtil": {
    "name": "me/alpha432/oyvey/util/PlayerUtil",
    "interfaces": [
      "me/alpha432/oyvey/util/Util"
    ]
  },
  "me/alpha432/oyvey/util/PlayerUtil$lookUpName": {
    "name": "me/alpha432/oyvey/util/PlayerUtil$lookUpName",
    "interfaces": [
      "java/lang/Runnable"
    ]
  },
  "me/alpha432/oyvey/util/PlayerUtil$lookUpUUID": {
    "name": "me/alpha432/oyvey/util/PlayerUtil$lookUpUUID",
    "interfaces": [
      "java/lang/Runnable"
    ]
  },
  "me/alpha432/oyvey/util/RenderUtil": {
    "name": "me/alpha432/oyvey/util/RenderUtil",
    "interfaces": [
      "me/alpha432/oyvey/util/Util"
    ]
  },
  "me/alpha432/oyvey/util/RotationUtil": {
    "name": "me/alpha432/oyvey/util/RotationUtil",
    "interfaces": [
      "me/alpha432/oyvey/util/Util"
    ]
  },
  "org/json/simple/JSONArray": {
    "name": "org/json/simple/JSONArray",
    "interfaces": [
      "java/util/List",
      "org/json/simple/JSONAware",
      "org/json/simple/JSONStreamAware"
    ]
  },
  "org/json/simple/JSONObject": {
    "name": "org/json/simple/JSONObject",
    "interfaces": [
      "java/util/Map",
      "org/json/simple/JSONAware",
      "org/json/simple/JSONStreamAware"
    ]
  },
  "org/spongepowered/asm/bridge/RemapperAdapter": {
    "name": "org/spongepowered/asm/bridge/RemapperAdapter",
    "interfaces": [
      "org/spongepowered/asm/mixin/extensibility/IRemapper",
      "org/spongepowered/asm/util/ObfuscationUtil$IClassRemapper"
    ]
  },
  "org/spongepowered/asm/launch/MixinTweaker": {
    "name": "org/spongepowered/asm/launch/MixinTweaker",
    "interfaces": [
      "net/minecraft/launchwrapper/ITweaker"
    ]
  },
  "org/spongepowered/asm/launch/platform/MixinPlatformAgentAbstract": {
    "name": "org/spongepowered/asm/launch/platform/MixinPlatformAgentAbstract",
    "interfaces": [
      "org/spongepowered/asm/launch/platform/IMixinPlatformAgent"
    ]
  },
  "org/spongepowered/asm/lib/tree/InsnList$InsnListIterator": {
    "name": "org/spongepowered/asm/lib/tree/InsnList$InsnListIterator",
    "interfaces": [
      "java/util/ListIterator"
    ]
  },
  "org/spongepowered/asm/lib/tree/analysis/Analyzer": {
    "name": "org/spongepowered/asm/lib/tree/analysis/Analyzer",
    "interfaces": [
      "org/spongepowered/asm/lib/Opcodes"
    ]
  },
  "org/spongepowered/asm/lib/tree/analysis/BasicInterpreter": {
    "name": "org/spongepowered/asm/lib/tree/analysis/BasicInterpreter",
    "interfaces": [
      "org/spongepowered/asm/lib/Opcodes"
    ]
  },
  "org/spongepowered/asm/lib/tree/analysis/BasicValue": {
    "name": "org/spongepowered/asm/lib/tree/analysis/BasicValue",
    "interfaces": [
      "org/spongepowered/asm/lib/tree/analysis/Value"
    ]
  },
  "org/spongepowered/asm/lib/tree/analysis/SmallSet": {
    "name": "org/spongepowered/asm/lib/tree/analysis/SmallSet",
    "interfaces": [
      "java/util/Iterator"
    ]
  },
  "org/spongepowered/asm/lib/tree/analysis/SourceInterpreter": {
    "name": "org/spongepowered/asm/lib/tree/analysis/SourceInterpreter",
    "interfaces": [
      "org/spongepowered/asm/lib/Opcodes"
    ]
  },
  "org/spongepowered/asm/lib/tree/analysis/SourceValue": {
    "name": "org/spongepowered/asm/lib/tree/analysis/SourceValue",
    "interfaces": [
      "org/spongepowered/asm/lib/tree/analysis/Value"
    ]
  },
  "org/spongepowered/asm/mixin/Debug": {
    "name": "org/spongepowered/asm/mixin/Debug",
    "interfaces": [
      "java/lang/annotation/Annotation"
    ]
  },
  "org/spongepowered/asm/mixin/Dynamic": {
    "name": "org/spongepowered/asm/mixin/Dynamic",
    "interfaces": [
      "java/lang/annotation/Annotation"
    ]
  },
  "org/spongepowered/asm/mixin/EnvironmentStateTweaker": {
    "name": "org/spongepowered/asm/mixin/EnvironmentStateTweaker",
    "interfaces": [
      "net/minecraft/launchwrapper/ITweaker"
    ]
  },
  "org/spongepowered/asm/mixin/Final": {
    "name": "org/spongepowered/asm/mixin/Final",
    "interfaces": [
      "java/lang/annotation/Annotation"
    ]
  },
  "org/spongepowered/asm/mixin/Implements": {
    "name": "org/spongepowered/asm/mixin/Implements",
    "interfaces": [
      "java/lang/annotation/Annotation"
    ]
  },
  "org/spongepowered/asm/mixin/Interface": {
    "name": "org/spongepowered/asm/mixin/Interface",
    "interfaces": [
      "java/lang/annotation/Annotation"
    ]
  },
  "org/spongepowered/asm/mixin/Intrinsic": {
    "name": "org/spongepowered/asm/mixin/Intrinsic",
    "interfaces": [
      "java/lang/annotation/Annotation"
    ]
  },
  "org/spongepowered/asm/mixin/Mixin": {
    "name": "org/spongepowered/asm/mixin/Mixin",
    "interfaces": [
      "java/lang/annotation/Annotation"
    ]
  },
  "org/spongepowered/asm/mixin/MixinEnvironment": {
    "name": "org/spongepowered/asm/mixin/MixinEnvironment",
    "interfaces": [
      "org/spongepowered/asm/util/ITokenProvider"
    ]
  },
  "org/spongepowered/asm/mixin/MixinEnvironment$TokenProviderWrapper": {
    "name": "org/spongepowered/asm/mixin/MixinEnvironment$TokenProviderWrapper",
    "interfaces": [
      "java/lang/Comparable"
    ]
  },
  "org/spongepowered/asm/mixin/Mutable": {
    "name": "org/spongepowered/asm/mixin/Mutable",
    "interfaces": [
      "java/lang/annotation/Annotation"
    ]
  },
  "org/spongepowered/asm/mixin/Overwrite": {
    "name": "org/spongepowered/asm/mixin/Overwrite",
    "interfaces": [
      "java/lang/annotation/Annotation"
    ]
  },
  "org/spongepowered/asm/mixin/Pseudo": {
    "name": "org/spongepowered/asm/mixin/Pseudo",
    "interfaces": [
      "java/lang/annotation/Annotation"
    ]
  },
  "org/spongepowered/asm/mixin/Shadow": {
    "name": "org/spongepowered/asm/mixin/Shadow",
    "interfaces": [
      "java/lang/annotation/Annotation"
    ]
  },
  "org/spongepowered/asm/mixin/SoftOverride": {
    "name": "org/spongepowered/asm/mixin/SoftOverride",
    "interfaces": [
      "java/lang/annotation/Annotation"
    ]
  },
  "org/spongepowered/asm/mixin/Unique": {
    "name": "org/spongepowered/asm/mixin/Unique",
    "interfaces": [
      "java/lang/annotation/Annotation"
    ]
  },
  "org/spongepowered/asm/mixin/gen/Accessor": {
    "name": "org/spongepowered/asm/mixin/gen/Accessor",
    "interfaces": [
      "java/lang/annotation/Annotation"
    ]
  },
  "org/spongepowered/asm/mixin/gen/Invoker": {
    "name": "org/spongepowered/asm/mixin/gen/Invoker",
    "interfaces": [
      "java/lang/annotation/Annotation"
    ]
  },
  "org/spongepowered/asm/mixin/injection/At": {
    "name": "org/spongepowered/asm/mixin/injection/At",
    "interfaces": [
      "java/lang/annotation/Annotation"
    ]
  },
  "org/spongepowered/asm/mixin/injection/Coerce": {
    "name": "org/spongepowered/asm/mixin/injection/Coerce",
    "interfaces": [
      "java/lang/annotation/Annotation"
    ]
  },
  "org/spongepowered/asm/mixin/injection/Constant": {
    "name": "org/spongepowered/asm/mixin/injection/Constant",
    "interfaces": [
      "java/lang/annotation/Annotation"
    ]
  },
  "org/spongepowered/asm/mixin/injection/Group": {
    "name": "org/spongepowered/asm/mixin/injection/Group",
    "interfaces": [
      "java/lang/annotation/Annotation"
    ]
  },
  "org/spongepowered/asm/mixin/injection/Inject": {
    "name": "org/spongepowered/asm/mixin/injection/Inject",
    "interfaces": [
      "java/lang/annotation/Annotation"
    ]
  },
  "org/spongepowered/asm/mixin/injection/InjectionPoint$AtCode": {
    "name": "org/spongepowered/asm/mixin/injection/InjectionPoint$AtCode",
    "interfaces": [
      "java/lang/annotation/Annotation"
    ]
  },
  "org/spongepowered/asm/mixin/injection/ModifyArg": {
    "name": "org/spongepowered/asm/mixin/injection/ModifyArg",
    "interfaces": [
      "java/lang/annotation/Annotation"
    ]
  },
  "org/spongepowered/asm/mixin/injection/ModifyArgs": {
    "name": "org/spongepowered/asm/mixin/injection/ModifyArgs",
    "interfaces": [
      "java/lang/annotation/Annotation"
    ]
  },
  "org/spongepowered/asm/mixin/injection/ModifyConstant": {
    "name": "org/spongepowered/asm/mixin/injection/ModifyConstant",
    "interfaces": [
      "java/lang/annotation/Annotation"
    ]
  },
  "org/spongepowered/asm/mixin/injection/ModifyVariable": {
    "name": "org/spongepowered/asm/mixin/injection/ModifyVariable",
    "interfaces": [
      "java/lang/annotation/Annotation"
    ]
  },
  "org/spongepowered/asm/mixin/injection/Redirect": {
    "name": "org/spongepowered/asm/mixin/injection/Redirect",
    "interfaces": [
      "java/lang/annotation/Annotation"
    ]
  },
  "org/spongepowered/asm/mixin/injection/Slice": {
    "name": "org/spongepowered/asm/mixin/injection/Slice",
    "interfaces": [
      "java/lang/annotation/Annotation"
    ]
  },
  "org/spongepowered/asm/mixin/injection/Surrogate": {
    "name": "org/spongepowered/asm/mixin/injection/Surrogate",
    "interfaces": [
      "java/lang/annotation/Annotation"
    ]
  },
  "org/spongepowered/asm/mixin/injection/callback/CallbackInfo": {
    "name": "org/spongepowered/asm/mixin/injection/callback/CallbackInfo",
    "interfaces": [
      "org/spongepowered/asm/mixin/injection/callback/Cancellable"
    ]
  },
  "org/spongepowered/asm/mixin/injection/code/ISliceContext": {
    "name": "org/spongepowered/asm/mixin/injection/code/ISliceContext",
    "interfaces": [
      "org/spongepowered/asm/mixin/injection/IInjectionPointContext"
    ]
  },
  "org/spongepowered/asm/mixin/injection/code/MethodSlice$InsnListSlice$SliceIterator": {
    "name": "org/spongepowered/asm/mixin/injection/code/MethodSlice$InsnListSlice$SliceIterator",
    "interfaces": [
      "java/util/ListIterator"
    ]
  },
  "org/spongepowered/asm/mixin/injection/invoke/arg/ArgsClassGenerator": {
    "name": "org/spongepowered/asm/mixin/injection/invoke/arg/ArgsClassGenerator",
    "interfaces": [
      "org/spongepowered/asm/mixin/transformer/ext/IClassGenerator"
    ]
  },
  "org/spongepowered/asm/mixin/injection/modify/AfterStoreLocal": {
    "name": "org/spongepowered/asm/mixin/injection/modify/AfterStoreLocal",
    "annotations": [
      {
        "type": "CLASS",
        "name": "Lorg/spongepowered/asm/mixin/injection/InjectionPoint$AtCode;",
        "target": "org/spongepowered/asm/mixin/injection/modify/AfterStoreLocal",
        "value": {
          "value": "STORE"
        }
      }
    ]
  },
  "org/spongepowered/asm/mixin/injection/modify/BeforeLoadLocal": {
    "name": "org/spongepowered/asm/mixin/injection/modify/BeforeLoadLocal",
    "annotations": [
      {
        "type": "CLASS",
        "name": "Lorg/spongepowered/asm/mixin/injection/InjectionPoint$AtCode;",
        "target": "org/spongepowered/asm/mixin/injection/modify/BeforeLoadLocal",
        "value": {
          "value": "LOAD"
        }
      }
    ]
  },
  "org/spongepowered/asm/mixin/injection/modify/LocalVariableDiscriminator$Context": {
    "name": "org/spongepowered/asm/mixin/injection/modify/LocalVariableDiscriminator$Context",
    "interfaces": [
      "org/spongepowered/asm/util/PrettyPrinter$IPrettyPrintable"
    ]
  },
  "org/spongepowered/asm/mixin/injection/points/AfterInvoke": {
    "name": "org/spongepowered/asm/mixin/injection/points/AfterInvoke",
    "annotations": [
      {
        "type": "CLASS",
        "name": "Lorg/spongepowered/asm/mixin/injection/InjectionPoint$AtCode;",
        "target": "org/spongepowered/asm/mixin/injection/points/AfterInvoke",
        "value": {
          "value": "INVOKE_ASSIGN"
        }
      }
    ]
  },
  "org/spongepowered/asm/mixin/injection/points/BeforeConstant": {
    "name": "org/spongepowered/asm/mixin/injection/points/BeforeConstant",
    "annotations": [
      {
        "type": "CLASS",
        "name": "Lorg/spongepowered/asm/mixin/injection/InjectionPoint$AtCode;",
        "target": "org/spongepowered/asm/mixin/injection/points/BeforeConstant",
        "value": {
          "value": "CONSTANT"
        }
      }
    ]
  },
  "org/spongepowered/asm/mixin/injection/points/BeforeFieldAccess": {
    "name": "org/spongepowered/asm/mixin/injection/points/BeforeFieldAccess",
    "annotations": [
      {
        "type": "CLASS",
        "name": "Lorg/spongepowered/asm/mixin/injection/InjectionPoint$AtCode;",
        "target": "org/spongepowered/asm/mixin/injection/points/BeforeFieldAccess",
        "value": {
          "value": "FIELD"
        }
      }
    ]
  },
  "org/spongepowered/asm/mixin/injection/points/BeforeFinalReturn": {
    "name": "org/spongepowered/asm/mixin/injection/points/BeforeFinalReturn",
    "annotations": [
      {
        "type": "CLASS",
        "name": "Lorg/spongepowered/asm/mixin/injection/InjectionPoint$AtCode;",
        "target": "org/spongepowered/asm/mixin/injection/points/BeforeFinalReturn",
        "value": {
          "value": "TAIL"
        }
      }
    ]
  },
  "org/spongepowered/asm/mixin/injection/points/BeforeInvoke": {
    "name": "org/spongepowered/asm/mixin/injection/points/BeforeInvoke",
    "annotations": [
      {
        "type": "CLASS",
        "name": "Lorg/spongepowered/asm/mixin/injection/InjectionPoint$AtCode;",
        "target": "org/spongepowered/asm/mixin/injection/points/BeforeInvoke",
        "value": {
          "value": "INVOKE"
        }
      }
    ]
  },
  "org/spongepowered/asm/mixin/injection/points/BeforeNew": {
    "name": "org/spongepowered/asm/mixin/injection/points/BeforeNew",
    "annotations": [
      {
        "type": "CLASS",
        "name": "Lorg/spongepowered/asm/mixin/injection/InjectionPoint$AtCode;",
        "target": "org/spongepowered/asm/mixin/injection/points/BeforeNew",
        "value": {
          "value": "NEW"
        }
      }
    ]
  },
  "org/spongepowered/asm/mixin/injection/points/BeforeReturn": {
    "name": "org/spongepowered/asm/mixin/injection/points/BeforeReturn",
    "annotations": [
      {
        "type": "CLASS",
        "name": "Lorg/spongepowered/asm/mixin/injection/InjectionPoint$AtCode;",
        "target": "org/spongepowered/asm/mixin/injection/points/BeforeReturn",
        "value": {
          "value": "RETURN"
        }
      }
    ]
  },
  "org/spongepowered/asm/mixin/injection/points/BeforeStringInvoke": {
    "name": "org/spongepowered/asm/mixin/injection/points/BeforeStringInvoke",
    "annotations": [
      {
        "type": "CLASS",
        "name": "Lorg/spongepowered/asm/mixin/injection/InjectionPoint$AtCode;",
        "target": "org/spongepowered/asm/mixin/injection/points/BeforeStringInvoke",
        "value": {
          "value": "INVOKE_STRING"
        }
      }
    ]
  },
  "org/spongepowered/asm/mixin/injection/points/JumpInsnPoint": {
    "name": "org/spongepowered/asm/mixin/injection/points/JumpInsnPoint",
    "annotations": [
      {
        "type": "CLASS",
        "name": "Lorg/spongepowered/asm/mixin/injection/InjectionPoint$AtCode;",
        "target": "org/spongepowered/asm/mixin/injection/points/JumpInsnPoint",
        "value": {
          "value": "JUMP"
        }
      }
    ]
  },
  "org/spongepowered/asm/mixin/injection/points/MethodHead": {
    "name": "org/spongepowered/asm/mixin/injection/points/MethodHead",
    "annotations": [
      {
        "type": "CLASS",
        "name": "Lorg/spongepowered/asm/mixin/injection/InjectionPoint$AtCode;",
        "target": "org/spongepowered/asm/mixin/injection/points/MethodHead",
        "value": {
          "value": "HEAD"
        }
      }
    ]
  },
  "org/spongepowered/asm/mixin/injection/struct/InjectionInfo": {
    "name": "org/spongepowered/asm/mixin/injection/struct/InjectionInfo",
    "interfaces": [
      "org/spongepowered/asm/mixin/injection/code/ISliceContext"
    ]
  },
  "org/spongepowered/asm/mixin/injection/struct/InjectionNodes$InjectionNode": {
    "name": "org/spongepowered/asm/mixin/injection/struct/InjectionNodes$InjectionNode",
    "interfaces": [
      "java/lang/Comparable"
    ]
  },
  "org/spongepowered/asm/mixin/injection/struct/Target": {
    "name": "org/spongepowered/asm/mixin/injection/struct/Target",
    "interfaces": [
      "java/lang/Comparable",
      "java/lang/Iterable"
    ]
  },
  "org/spongepowered/asm/mixin/refmap/ReferenceMapper": {
    "name": "org/spongepowered/asm/mixin/refmap/ReferenceMapper",
    "interfaces": [
      "org/spongepowered/asm/mixin/refmap/IReferenceMapper",
      "java/io/Serializable"
    ]
  },
  "org/spongepowered/asm/mixin/refmap/RemappingReferenceMapper": {
    "name": "org/spongepowered/asm/mixin/refmap/RemappingReferenceMapper",
    "interfaces": [
      "org/spongepowered/asm/mixin/refmap/IReferenceMapper"
    ]
  },
  "org/spongepowered/asm/mixin/refmap/RemappingReferenceMapper$1": {
    "name": "org/spongepowered/asm/mixin/refmap/RemappingReferenceMapper$1",
    "interfaces": [
      "com/google/common/io/LineProcessor"
    ]
  },
  "org/spongepowered/asm/mixin/struct/SpecialMethodInfo": {
    "name": "org/spongepowered/asm/mixin/struct/SpecialMethodInfo",
    "interfaces": [
      "org/spongepowered/asm/mixin/injection/IInjectionPointContext"
    ]
  },
  "org/spongepowered/asm/mixin/transformer/InnerClassGenerator": {
    "name": "org/spongepowered/asm/mixin/transformer/InnerClassGenerator",
    "interfaces": [
      "org/spongepowered/asm/mixin/transformer/ext/IClassGenerator"
    ]
  },
  "org/spongepowered/asm/mixin/transformer/MixinConfig": {
    "name": "org/spongepowered/asm/mixin/transformer/MixinConfig",
    "interfaces": [
      "java/lang/Comparable",
      "org/spongepowered/asm/mixin/extensibility/IMixinConfig"
    ],
    "annotations": [
      {
        "type": "FIELD",
        "name": "Lcom/google/gson/annotations/SerializedName;",
        "target": "selector",
        "value": {
          "value": "target"
        }
      },
      {
        "type": "FIELD",
        "name": "Lcom/google/gson/annotations/SerializedName;",
        "target": "version",
        "value": {
          "value": "minVersion"
        }
      },
      {
        "type": "FIELD",
        "name": "Lcom/google/gson/annotations/SerializedName;",
        "target": "compatibility",
        "value": {
          "value": "compatibilityLevel"
        }
      },
      {
        "type": "FIELD",
        "name": "Lcom/google/gson/annotations/SerializedName;",
        "target": "required",
        "value": {
          "value": "required"
        }
      },
      {
        "type": "FIELD",
        "name": "Lcom/google/gson/annotations/SerializedName;",
        "target": "priority",
        "value": {
          "value": "priority"
        }
      },
      {
        "type": "FIELD",
        "name": "Lcom/google/gson/annotations/SerializedName;",
        "target": "mixinPriority",
        "value": {
          "value": "mixinPriority"
        }
      },
      {
        "type": "FIELD",
        "name": "Lcom/google/gson/annotations/SerializedName;",
        "target": "mixinPackage",
        "value": {
          "value": "package"
        }
      },
      {
        "type": "FIELD",
        "name": "Lcom/google/gson/annotations/SerializedName;",
        "target": "mixinClasses",
        "value": {
          "value": "mixins"
        }
      },
      {
        "type": "FIELD",
        "name": "Lcom/google/gson/annotations/SerializedName;",
        "target": "mixinClassesClient",
        "value": {
          "value": "client"
        }
      },
      {
        "type": "FIELD",
        "name": "Lcom/google/gson/annotations/SerializedName;",
        "target": "mixinClassesServer",
        "value": {
          "value": "server"
        }
      },
      {
        "type": "FIELD",
        "name": "Lcom/google/gson/annotations/SerializedName;",
        "target": "setSourceFile",
        "value": {
          "value": "setSourceFile"
        }
      },
      {
        "type": "FIELD",
        "name": "Lcom/google/gson/annotations/SerializedName;",
        "target": "refMapperConfig",
        "value": {
          "value": "refmap"
        }
      },
      {
        "type": "FIELD",
        "name": "Lcom/google/gson/annotations/SerializedName;",
        "target": "verboseLogging",
        "value": {
          "value": "verbose"
        }
      },
      {
        "type": "FIELD",
        "name": "Lcom/google/gson/annotations/SerializedName;",
        "target": "pluginClassName",
        "value": {
          "value": "plugin"
        }
      },
      {
        "type": "FIELD",
        "name": "Lcom/google/gson/annotations/SerializedName;",
        "target": "injectorOptions",
        "value": {
          "value": "injectors"
        }
      },
      {
        "type": "FIELD",
        "name": "Lcom/google/gson/annotations/SerializedName;",
        "target": "overwriteOptions",
        "value": {
          "value": "overwrites"
        }
      }
    ]
  },
  "org/spongepowered/asm/mixin/transformer/MixinConfig$InjectorOptions": {
    "name": "org/spongepowered/asm/mixin/transformer/MixinConfig$InjectorOptions",
    "annotations": [
      {
        "type": "FIELD",
        "name": "Lcom/google/gson/annotations/SerializedName;",
        "target": "defaultRequireValue",
        "value": {
          "value": "defaultRequire"
        }
      },
      {
        "type": "FIELD",
        "name": "Lcom/google/gson/annotations/SerializedName;",
        "target": "defaultGroup",
        "value": {
          "value": "defaultGroup"
        }
      },
      {
        "type": "FIELD",
        "name": "Lcom/google/gson/annotations/SerializedName;",
        "target": "injectionPoints",
        "value": {
          "value": "injectionPoints"
        }
      },
      {
        "type": "FIELD",
        "name": "Lcom/google/gson/annotations/SerializedName;",
        "target": "maxShiftBy",
        "value": {
          "value": "maxShiftBy"
        }
      }
    ]
  },
  "org/spongepowered/asm/mixin/transformer/MixinConfig$OverwriteOptions": {
    "name": "org/spongepowered/asm/mixin/transformer/MixinConfig$OverwriteOptions",
    "annotations": [
      {
        "type": "FIELD",
        "name": "Lcom/google/gson/annotations/SerializedName;",
        "target": "conformAccessModifiers",
        "value": {
          "value": "conformVisibility"
        }
      },
      {
        "type": "FIELD",
        "name": "Lcom/google/gson/annotations/SerializedName;",
        "target": "requireOverwriteAnnotations",
        "value": {
          "value": "requireAnnotations"
        }
      }
    ]
  },
  "org/spongepowered/asm/mixin/transformer/MixinInfo": {
    "name": "org/spongepowered/asm/mixin/transformer/MixinInfo",
    "interfaces": [
      "java/lang/Comparable",
      "org/spongepowered/asm/mixin/extensibility/IMixinInfo"
    ]
  },
  "org/spongepowered/asm/mixin/transformer/MixinInfo$1": {
    "name": "org/spongepowered/asm/mixin/transformer/MixinInfo$1",
    "interfaces": [
      "com/google/common/base/Function"
    ]
  },
  "org/spongepowered/asm/mixin/transformer/MixinInfo$2": {
    "name": "org/spongepowered/asm/mixin/transformer/MixinInfo$2",
    "interfaces": [
      "com/google/common/base/Function"
    ]
  },
  "org/spongepowered/asm/mixin/transformer/MixinPostProcessor": {
    "name": "org/spongepowered/asm/mixin/transformer/MixinPostProcessor",
    "interfaces": [
      "org/spongepowered/asm/mixin/transformer/MixinConfig$IListener"
    ]
  },
  "org/spongepowered/asm/mixin/transformer/MixinTargetContext": {
    "name": "org/spongepowered/asm/mixin/transformer/MixinTargetContext",
    "interfaces": [
      "org/spongepowered/asm/mixin/refmap/IMixinContext"
    ]
  },
  "org/spongepowered/asm/mixin/transformer/MixinTransformer$1": {
    "name": "org/spongepowered/asm/mixin/transformer/MixinTransformer$1",
    "interfaces": [
      "org/spongepowered/asm/mixin/transformer/MixinConfig$IListener"
    ]
  },
  "org/spongepowered/asm/mixin/transformer/Proxy": {
    "name": "org/spongepowered/asm/mixin/transformer/Proxy",
    "interfaces": [
      "net/minecraft/launchwrapper/IClassTransformer",
      "org/spongepowered/asm/service/ILegacyClassTransformer"
    ]
  },
  "org/spongepowered/asm/mixin/transformer/TargetClassContext": {
    "name": "org/spongepowered/asm/mixin/transformer/TargetClassContext",
    "interfaces": [
      "org/spongepowered/asm/mixin/transformer/ext/ITargetClassContext"
    ]
  },
  "org/spongepowered/asm/mixin/transformer/debug/RuntimeDecompiler": {
    "name": "org/spongepowered/asm/mixin/transformer/debug/RuntimeDecompiler",
    "interfaces": [
      "org/spongepowered/asm/mixin/transformer/ext/IDecompiler",
      "org/jetbrains/java/decompiler/main/extern/IResultSaver"
    ]
  },
  "org/spongepowered/asm/mixin/transformer/debug/RuntimeDecompiler$1": {
    "name": "org/spongepowered/asm/mixin/transformer/debug/RuntimeDecompiler$1",
    "interfaces": [
      "org/jetbrains/java/decompiler/main/extern/IBytecodeProvider"
    ]
  },
  "org/spongepowered/asm/mixin/transformer/debug/RuntimeDecompilerAsync": {
    "name": "org/spongepowered/asm/mixin/transformer/debug/RuntimeDecompilerAsync",
    "interfaces": [
      "java/lang/Runnable",
      "java/lang/Thread$UncaughtExceptionHandler"
    ]
  },
  "org/spongepowered/asm/mixin/transformer/ext/extensions/ExtensionCheckClass": {
    "name": "org/spongepowered/asm/mixin/transformer/ext/extensions/ExtensionCheckClass",
    "interfaces": [
      "org/spongepowered/asm/mixin/transformer/ext/IExtension"
    ]
  },
  "org/spongepowered/asm/mixin/transformer/ext/extensions/ExtensionCheckInterfaces": {
    "name": "org/spongepowered/asm/mixin/transformer/ext/extensions/ExtensionCheckInterfaces",
    "interfaces": [
      "org/spongepowered/asm/mixin/transformer/ext/IExtension"
    ]
  },
  "org/spongepowered/asm/mixin/transformer/ext/extensions/ExtensionClassExporter": {
    "name": "org/spongepowered/asm/mixin/transformer/ext/extensions/ExtensionClassExporter",
    "interfaces": [
      "org/spongepowered/asm/mixin/transformer/ext/IExtension"
    ]
  },
  "org/spongepowered/asm/mixin/transformer/meta/MixinInner": {
    "name": "org/spongepowered/asm/mixin/transformer/meta/MixinInner",
    "interfaces": [
      "java/lang/annotation/Annotation"
    ]
  },
  "org/spongepowered/asm/mixin/transformer/meta/MixinMerged": {
    "name": "org/spongepowered/asm/mixin/transformer/meta/MixinMerged",
    "interfaces": [
      "java/lang/annotation/Annotation"
    ]
  },
  "org/spongepowered/asm/mixin/transformer/meta/MixinRenamed": {
    "name": "org/spongepowered/asm/mixin/transformer/meta/MixinRenamed",
    "interfaces": [
      "java/lang/annotation/Annotation"
    ]
  },
  "org/spongepowered/asm/obfuscation/RemapperChain": {
    "name": "org/spongepowered/asm/obfuscation/RemapperChain",
    "interfaces": [
      "org/spongepowered/asm/mixin/extensibility/IRemapper"
    ]
  },
  "org/spongepowered/asm/obfuscation/mapping/common/MappingField": {
    "name": "org/spongepowered/asm/obfuscation/mapping/common/MappingField",
    "interfaces": [
      "org/spongepowered/asm/obfuscation/mapping/IMapping"
    ]
  },
  "org/spongepowered/asm/obfuscation/mapping/common/MappingMethod": {
    "name": "org/spongepowered/asm/obfuscation/mapping/common/MappingMethod",
    "interfaces": [
      "org/spongepowered/asm/obfuscation/mapping/IMapping"
    ]
  },
  "org/spongepowered/asm/service/ILegacyClassTransformer": {
    "name": "org/spongepowered/asm/service/ILegacyClassTransformer",
    "interfaces": [
      "org/spongepowered/asm/service/ITransformer"
    ]
  },
  "org/spongepowered/asm/service/mojang/Blackboard": {
    "name": "org/spongepowered/asm/service/mojang/Blackboard",
    "interfaces": [
      "org/spongepowered/asm/service/IGlobalPropertyService"
    ]
  },
  "org/spongepowered/asm/service/mojang/LegacyTransformerHandle": {
    "name": "org/spongepowered/asm/service/mojang/LegacyTransformerHandle",
    "interfaces": [
      "org/spongepowered/asm/service/ILegacyClassTransformer"
    ]
  },
  "org/spongepowered/asm/service/mojang/MixinServiceLaunchWrapper": {
    "name": "org/spongepowered/asm/service/mojang/MixinServiceLaunchWrapper",
    "interfaces": [
      "org/spongepowered/asm/service/IMixinService",
      "org/spongepowered/asm/service/IClassProvider",
      "org/spongepowered/asm/service/IClassBytecodeProvider"
    ]
  },
  "org/spongepowered/asm/service/mojang/MixinServiceLaunchWrapperBootstrap": {
    "name": "org/spongepowered/asm/service/mojang/MixinServiceLaunchWrapperBootstrap",
    "interfaces": [
      "org/spongepowered/asm/service/IMixinServiceBootstrap"
    ]
  },
  "org/spongepowered/asm/transformers/TreeTransformer": {
    "name": "org/spongepowered/asm/transformers/TreeTransformer",
    "interfaces": [
      "org/spongepowered/asm/service/ILegacyClassTransformer"
    ]
  },
  "org/spongepowered/asm/util/Annotations$1": {
    "name": "org/spongepowered/asm/util/Annotations$1",
    "interfaces": [
      "com/google/common/base/Function"
    ]
  },
  "org/spongepowered/asm/util/ClassSignature$Token": {
    "name": "org/spongepowered/asm/util/ClassSignature$Token",
    "interfaces": [
      "org/spongepowered/asm/util/ClassSignature$IToken"
    ]
  },
  "org/spongepowered/asm/util/ClassSignature$TokenHandle": {
    "name": "org/spongepowered/asm/util/ClassSignature$TokenHandle",
    "interfaces": [
      "org/spongepowered/asm/util/ClassSignature$IToken"
    ]
  },
  "org/spongepowered/asm/util/ClassSignature$TypeVar": {
    "name": "org/spongepowered/asm/util/ClassSignature$TypeVar",
    "interfaces": [
      "java/lang/Comparable"
    ]
  },
  "org/spongepowered/asm/util/PrettyPrinter$HorizontalRule": {
    "name": "org/spongepowered/asm/util/PrettyPrinter$HorizontalRule",
    "interfaces": [
      "org/spongepowered/asm/util/PrettyPrinter$ISpecialEntry"
    ]
  },
  "org/spongepowered/asm/util/PrettyPrinter$KeyValue": {
    "name": "org/spongepowered/asm/util/PrettyPrinter$KeyValue",
    "interfaces": [
      "org/spongepowered/asm/util/PrettyPrinter$IVariableWidthEntry"
    ]
  },
  "org/spongepowered/asm/util/PrettyPrinter$Row": {
    "name": "org/spongepowered/asm/util/PrettyPrinter$Row",
    "interfaces": [
      "org/spongepowered/asm/util/PrettyPrinter$IVariableWidthEntry"
    ]
  },
  "org/spongepowered/asm/util/PrettyPrinter$Table": {
    "name": "org/spongepowered/asm/util/PrettyPrinter$Table",
    "interfaces": [
      "org/spongepowered/asm/util/PrettyPrinter$IVariableWidthEntry"
    ]
  },
  "org/spongepowered/asm/util/VersionNumber": {
    "name": "org/spongepowered/asm/util/VersionNumber",
    "interfaces": [
      "java/lang/Comparable",
      "java/io/Serializable"
    ]
  },
  "org/spongepowered/tools/agent/MixinAgent": {
    "name": "org/spongepowered/tools/agent/MixinAgent",
    "interfaces": [
      "org/spongepowered/asm/mixin/transformer/ext/IHotSwap"
    ]
  },
  "org/spongepowered/tools/agent/MixinAgent$Transformer": {
    "name": "org/spongepowered/tools/agent/MixinAgent$Transformer",
    "interfaces": [
      "java/lang/instrument/ClassFileTransformer"
    ]
  },
  "org/spongepowered/tools/obfuscation/AnnotatedMixinElementHandlerAccessor": {
    "name": "org/spongepowered/tools/obfuscation/AnnotatedMixinElementHandlerAccessor",
    "interfaces": [
      "org/spongepowered/asm/mixin/refmap/IMixinContext"
    ]
  },
  "org/spongepowered/tools/obfuscation/AnnotatedMixins": {
    "name": "org/spongepowered/tools/obfuscation/AnnotatedMixins",
    "interfaces": [
      "org/spongepowered/tools/obfuscation/interfaces/IMixinAnnotationProcessor",
      "org/spongepowered/asm/util/ITokenProvider",
      "org/spongepowered/tools/obfuscation/interfaces/ITypeHandleProvider",
      "org/spongepowered/tools/obfuscation/interfaces/IJavadocProvider"
    ]
  },
  "org/spongepowered/tools/obfuscation/Mappings": {
    "name": "org/spongepowered/tools/obfuscation/Mappings",
    "interfaces": [
      "org/spongepowered/tools/obfuscation/mapping/IMappingConsumer"
    ]
  },
  "org/spongepowered/tools/obfuscation/Mappings$UniqueMappings": {
    "name": "org/spongepowered/tools/obfuscation/Mappings$UniqueMappings",
    "interfaces": [
      "org/spongepowered/tools/obfuscation/mapping/IMappingConsumer"
    ]
  },
  "org/spongepowered/tools/obfuscation/MixinValidator": {
    "name": "org/spongepowered/tools/obfuscation/MixinValidator",
    "interfaces": [
      "org/spongepowered/tools/obfuscation/interfaces/IMixinValidator"
    ]
  },
  "org/spongepowered/tools/obfuscation/ObfuscationData": {
    "name": "org/spongepowered/tools/obfuscation/ObfuscationData",
    "interfaces": [
      "java/lang/Iterable"
    ]
  },
  "org/spongepowered/tools/obfuscation/ObfuscationDataProvider": {
    "name": "org/spongepowered/tools/obfuscation/ObfuscationDataProvider",
    "interfaces": [
      "org/spongepowered/tools/obfuscation/interfaces/IObfuscationDataProvider"
    ]
  },
  "org/spongepowered/tools/obfuscation/ObfuscationEnvironment": {
    "name": "org/spongepowered/tools/obfuscation/ObfuscationEnvironment",
    "interfaces": [
      "org/spongepowered/tools/obfuscation/interfaces/IObfuscationEnvironment"
    ]
  },
  "org/spongepowered/tools/obfuscation/ObfuscationEnvironment$RemapperProxy": {
    "name": "org/spongepowered/tools/obfuscation/ObfuscationEnvironment$RemapperProxy",
    "interfaces": [
      "org/spongepowered/asm/util/ObfuscationUtil$IClassRemapper"
    ]
  },
  "org/spongepowered/tools/obfuscation/ObfuscationManager": {
    "name": "org/spongepowered/tools/obfuscation/ObfuscationManager",
    "interfaces": [
      "org/spongepowered/tools/obfuscation/interfaces/IObfuscationManager"
    ]
  },
  "org/spongepowered/tools/obfuscation/ReferenceManager": {
    "name": "org/spongepowered/tools/obfuscation/ReferenceManager",
    "interfaces": [
      "org/spongepowered/tools/obfuscation/interfaces/IReferenceManager"
    ]
  },
  "org/spongepowered/tools/obfuscation/interfaces/IMixinAnnotationProcessor": {
    "name": "org/spongepowered/tools/obfuscation/interfaces/IMixinAnnotationProcessor",
    "interfaces": [
      "javax/annotation/processing/Messager",
      "org/spongepowered/tools/obfuscation/interfaces/IOptionProvider"
    ]
  },
  "org/spongepowered/tools/obfuscation/mapping/common/MappingProvider": {
    "name": "org/spongepowered/tools/obfuscation/mapping/common/MappingProvider",
    "interfaces": [
      "org/spongepowered/tools/obfuscation/mapping/IMappingProvider"
    ]
  },
  "org/spongepowered/tools/obfuscation/mapping/common/MappingWriter": {
    "name": "org/spongepowered/tools/obfuscation/mapping/common/MappingWriter",
    "interfaces": [
      "org/spongepowered/tools/obfuscation/mapping/IMappingWriter"
    ]
  },
  "org/spongepowered/tools/obfuscation/mapping/mcp/MappingProviderSrg$1": {
    "name": "org/spongepowered/tools/obfuscation/mapping/mcp/MappingProviderSrg$1",
    "interfaces": [
      "com/google/common/io/LineProcessor"
    ]
  },
  "org/spongepowered/tools/obfuscation/mcp/ObfuscationServiceMCP": {
    "name": "org/spongepowered/tools/obfuscation/mcp/ObfuscationServiceMCP",
    "interfaces": [
      "org/spongepowered/tools/obfuscation/service/IObfuscationService"
    ]
  },
  "org/spongepowered/tools/obfuscation/mirror/TypeReference": {
    "name": "org/spongepowered/tools/obfuscation/mirror/TypeReference",
    "interfaces": [
      "java/io/Serializable",
      "java/lang/Comparable"
    ]
  }
}